unique_id;station;station_new;Transect;depth;pressure;t190C;sal00;sbeox0ML/L;sigma;Cruise;Lat ;Lon;Bot.Depth [m];Nitrate;Phosphate;Silicate;Distance_from_shore;Profile feature;HPLC_ID;Microscopy ID;Flow cyt phyto ID;Diatoms;Dinoflagellates;Cryptophytes;Pelagophytes;T4haptophytes;Prasinophytes;Chlorophytes;Synechococcus;Chl_c3;Peri;19-But;Fuco;Neox;Pras;Viola;Asta;Allox;Zea;Lut;Chl_b;div_Chl_a;Chl_a
1_10;1;T1_6;Transect 1;15;15.11477;19.2129;35.064;3.07278;25.0199;MSM80;-8.499;-80.999;6229;6.287;0.707;0.688;230;Surface;1;1;1;19.94931221;30.87544441;1.443731546;19.30435944;17.30040741;52.42883301;13.44127274;57.1605072;12.7364;9.1896;21.6364;12.8288;5.4911;0;6.1597;4.1515;0;35.8423;8.7281;50.0274;5.9949;211.9039
4_10;4;T1_5;Transect 1;10;10.0606;23.2687;35.1948;4.34574;24.0041;MSM80;-8.516;-80.493;1328;7.953;0.731;2.804;175;Surface;7;4;7;0;0;0.884536862;13.14413834;22.39953804;26.86198807;8.829807281;193.4736481;16.7959;6.4129;17.933;16.9898;3.6527;0;5.5703;3.3945;1.5509;137.5282;6.9679;33.2197;33.0294;265.5937
7_10;7;T1_4;Transect 1;10;10.09233;23.1129;34.9604;4.57966;23.87;MSM80;-8.499;-80.031;356;11.449;0.941;3.923;120;Surface;16;7;15;0;0;0;23.96551704;28.60758781;37.91830444;4.603029728;312.9027405;30.4458;5.2353;36.3878;26.4666;6.683;0;5.9701;6.8484;6.1401;234.3422;7.8216;51.2425;44.8819;407.9972
10_10;10;T1_3;Transect 1;10;10.08151;21.3456;35.044;5.03122;24.4316;MSM80;-8.499;-79.667;101;6.06;0.682;2.497;80;Surface and Chla max;22;10;21;665.9952393;10.49699783;69.4960022;10.07588482;41.69308853;123.9413223;6.286966324;27.92681885;26.9851;52.2579;14.6776;470.7701;15.073;30.3119;15.8146;19.2731;14.8859;23.6878;6.874;127.6335;0;955.9123
13_20;13;T1_2;Transect 1;20;20.11289;18.8146;35.0082;2.48141;25.0707;MSM80;-8.5;-79.334;77;18.806;1.438;8.793;48;Base ML;30;14;28;975.4815674;5.359006405;74.87117767;15.24941635;129.6098022;31.76584816;4.259750843;0;79.2391;72.0493;24.4892;708.5822;2.6647;10.9719;4.1777;10.6175;16.6751;0;4.6916;34.0114;4.5432;1236.5965
14_15;14;T1_1;Transect 1;15;15.11477;19.2129;35.064;3.07278;25.0199;MSM80;-8.499;-79.167;64;16.406;1.256;4.749;25;No mixed layer;34;NA;32;6390.320801;57.51067734;240.0667267;9.649618149;451.5437012;95.70085907;10.98441029;38.22591782;251.7032;202.15;26.9165;4233.1134;9.3266;20.4249;19.6407;32.8511;49.7907;30.0457;9.6056;96.921;0;7294.0021
18_10;18;T2_5;Transect 2;10;10.08187;22.6049;35.1076;4.49498;24.1289;MSM80;-9.499;-80.003;2423;6.905;0.698;2.949;176;Surface;60;25;56;28.7076416;20.66072083;10.78042889;25.2508812;15.4661665;48.72757339;4.889801025;94.57000732;14.8868;15.17;31.499;24.6586;6.399;6.8209;7.9831;6.9436;2.0606;66.079;3.7463;49.912;19.4366;249.0532
18_20;18;T2_5;Transect 2;20;20.13923;22.6051;35.1079;4.48388;24.1297;MSM80;-9.499;-80.003;2423;6.966;0.703;2.973;176;NA;61;26;57;29.79636765;18.06062889;9.813651085;25.94800186;15.66429901;43.65415955;4.48135376;83.67407227;15.1121;12.2733;32.2476;24.8409;5.2751;6.2077;8.6518;10.1538;1.8406;58.3399;3.225;44.4359;17.3482;231.0925
20_10;20;T2_4;Transect 2;10;NA;NA;35.0954;4.3872;NA;MSM80;-9.499;-79.668;891;6.258;0.633;1.276;140;Middle ML (15 m);66;28;62;19.38412857;30.31301117;10.35224247;26.21655846;31.64081192;22.16922951;1.715409636;16.18594742;20.4265;2.3107;28.5102;12.5572;2.6104;3.0048;3.44;1.3257;1.2429;9.6333;1.0148;18.7046;1.2823;157.9773
20_20;20;T2_4;Transect 2;20;NA;NA;35.1066;4.25218;NA;MSM80;-9.499;-79.668;891;9.831;0.849;3.603;140;NA;67;29;63;81.30915833;122.2155914;38.66145706;65.49251556;167.5791779;123.6677094;1.927626133;22.59358978;91.6162;6.0111;73.1158;54.3937;14.3842;24.7646;12.116;8.3465;4.4144;15.9873;2.2207;101.6219;3.8745;623.4468
22_10;22;T2_3;Transect 2;10;10.0875;22.8847;35.1148;4.44529;24.0548;MSM80;-9.499;-79.339;152;5.67;0.613;0.611;103;Surface;74;31;70;5.764966488;7.308979988;8.652814865;13.15902233;21.94005585;16.23163986;2.972036362;63.69121933;14.5472;3.1395;16.0728;8.4778;1.8399;0;2.3577;2.4334;1.4849;40.061;2.0226;16.4944;4.9156;139.7207
28_10;28;T2_2;Transect 2;10;10.08481;22.3089;35.1344;4.06913;24.2355;MSM80;-9.499;-78.667;107;8.951;0.862;2.394;28;NA;87;37;82;41.77687454;43.96145248;18.04795265;27.59851074;45.38945389;26.11444664;2.492335081;13.3628931;27.0709;4.3758;30.2929;25.0461;3.8007;3.5032;3.1574;5.7229;2.3123;7.8857;1.594;21.9925;0;218.7439
30_17;30;T2_1;Transect 2;17;17.13643;18.3287;35.0594;2.28566;25.2418;MSM80;-9.499;-78.449;82;22.36;1.687;6.96;5;Chla max;93;41;88;5736.984863;780.5637207;75.24739838;13.25194931;176.1765442;16.76446152;21.02236938;60.4119606;85.0522;0;17.2789;3101.2438;24.6534;51.0702;35.1129;30.4455;0;31.3677;9.8697;0;0;6880.4224
38_15;38;T3_1;Transect 3;15;15.06644;18.1372;35.0465;0.76784;25.2721;MSM80;-11.996;-77.338;104;32.447;2.221;11.074;22;NA;129;54;124;1787.43457;83.3615036;405.8418579;47.51968002;53.76108932;53.25833511;9.617443085;76.39800262;39.877;29.235;58.1206;1094.0157;5.0213;12.2833;5.5565;35.6928;71.8996;48.5716;7.437;51.6274;0;2517.1923
40_15;40;T3_2;Transect 3;15;15.09326;18.5816;35.0441;1.5243;25.156;MSM80;-12;-77.499;139;9.669;0.983;4.211;40;NA;133;57;128;15332.08203;2817.724121;1029.712402;69.60501099;1054.512573;387.9283752;30.22128487;124.0004425;522.7549;481.7575;101.1326;8467.1612;40.2431;83.1714;34.1937;88.6018;140.1766;72.1283;17.265;334.2421;0;20845.7885
43_15;43;T3_3;Transect 3;15;15.0746;19.421;35.0596;3.78781;24.9533;MSM80;-12;-77.666;180;23.078;1.763;11.401;58;NA;145;63;139;521.7921753;27.87161064;196.2928009;16.76881218;57.21525955;39.86767197;3.092628479;42.86070633;34.7264;15.9254;22.0303;335.3654;5.1563;11.0484;6.4343;24.0435;35.6218;27.9659;2.6412;37.7538;0;905.7617
45_15;45;T3_4;Transect 3;15;15.07764;18.2642;35.1103;1.93163;25.2603;MSM80;-11.999;-77.833;460;21.359;1.641;6.841;76;MLD 7m;149;66;143;599.5073242;0;355.4089661;23.41105652;262.5470276;139.0436859;0;147.9554901;157.8347;8.0036;39.9041;534.1943;16.5142;53.5105;7.9555;13.1024;74.3708;109.5967;3.225;141.7857;20.1877;1527.8737
46_22_20;46_22;T3_5;Transect 3;20;20.09991;18.5252;35.1934;2.27993;25.2714;MSM80;-12;-78;1613;14.283;1.292;3.089;95;NA;158;69;149;304.1505127;0;286.7851868;34.86402893;276.3040466;143.7377472;2.572508812;256.3562012;166.7868;26.0983;54.3699;312.7528;11.9762;40.9693;8.4565;18.8491;58.7125;191.2309;6.2091;152.1002;66.6085;1304.7703
53_15;53;T4_7;Transect 4;15;15.05833;21.7646;35.1623;4.07519;24.3915;MSM80;-14.499;-77.5;4567;7.833;1.277;2.013;170;Chla max smaller;189;77;179;380.2853088;0;43.52965927;19.27375984;192.4076385;75.41254425;2.740899086;203.7371521;116.9066;21.5662;32.1115;347.2263;8.4837;16.2456;3.0954;19.4991;11.8867;139.9433;4.7541;79.9318;0;917.387
56_3_15;56_3;T4_6;Transect 4;15;15.05328;20.1265;35.2098;3.68708;24.8693;MSM80;-14.496;-77.002;6117;9.585;1.179;2.061;112;NA;195;80;185;68.37663269;44.57788467;142.0858765;41.31806183;67.04187012;59.76878738;7.142837524;123.2153168;45.3898;19.1216;51.1788;55.6984;9.4716;10.8681;8.6656;30.1522;25.1667;77.2053;5.4839;57.0376;0;553.5273
58_15;58;T4_5;Transect 4;15;15.07515;22.0529;35.169;4.33039;24.3004;MSM80;-14.499;-76.667;2649;9.071;0.929;2.014;75;NA;201;NA;191;192.7519836;0;205.7006378;38.49349594;130.6314392;146.8928528;16.66259575;513.5414429;85.8566;46.7157;54.6724;202.75;16.7045;25.0005;17.3657;17.6918;42.9124;347.0613;15.2424;155.8059;0;1244.6744
60_15;60;T4_4;Transect 4;15;15.06983;21.8595;35.1733;4.52019;24.387;MSM80;-14.499;-76.5;1420;12.948;1.348;3.97;57;NA;208;NA;197;587.9047852;9.17761898;427.8884888;56.04079437;316.2585449;288.7756042;26.37458229;424.4899597;185.2916;19.6574;78.5377;444.1515;34.4423;78.426;24.6112;20.8307;79.1885;284.9251;24.987;284.2971;30.8128;2136.9105
63_15;63;T4_2;Transect 4;15;15.32687;17.6037;35.0701;1.92797;25.4153;MSM80;-14.5;-76.167;131;21.335;2.041;11.941;28;MLD 15 m;214;88;203;22.05927849;0;10.63597107;3.856147051;0;2.698714256;0;17.75862694;0;0;5.4899;22.3189;0;0;0;5.9765;2.5812;12.3454;0;3.1669;0;57.0087
65_10;65;T4_1;Transect 4;10;10.05871;16.8444;35.0624;0.71836;25.5859;MSM80;-14.5;-76.019;97;25.928;2.418;14.902;10;Chla max;220;91;209;408.6576233;2658.585693;368.1393738;7.403739929;20.9092865;104.8345947;8.440526009;42.0977211;12.184;1506.2206;9.0629;228.1037;9.5079;14.2361;23.7839;10.9028;63.496;28.5566;4.8584;98.4055;0;3619.0687
66_15;66;T4_3;Transect 4;15;15.09292;18.0902;35.066;2.40728;25.2995;MSM80;-14.499;-76.334;228;20.977;1.938;11.889;40;NA;226;94;215;1243.819336;4384.583496;546.9111328;11.98063087;128.2688599;526.1558228;3.754427433;99.13821411;68.2992;2457.7805;17.2865;727.7485;51.4277;91.8508;46.4096;17.9534;93.2018;74.7362;8.2989;489.3552;0;6944.6115
67_15;67;T5_1;Transect 5;15;15.08834;17.6652;35.0613;0.95239;25.3954;MSM80;-15.299;-75.334;133;19.925;2.133;8.288;8;NA;232;97;221;1301.342407;235.1999512;298.3339844;19.1475811;75.79016876;75.06591034;13.1270771;67.76315308;44.6033;126.4281;25.1206;806.8217;9.9943;16.7047;12.4458;16.8199;53.1688;44.5362;9.8141;72.4433;0;2085.7703
74_15;74;T5_5;Transect 5;15;15.07422;20.3162;35.1105;5.03737;24.7599;MSM80;-15.3;-76.501;3835;20.125;1.695;5.102;140;NA;275;112;263;2899.329102;438.9002075;239.2608948;19.23451233;0;85.74102783;11.00025368;107.6361389;0;192.0533;23.1847;1717.512;10.6046;28.4345;8.4381;27.3462;40.3312;67.3753;8.9939;78.9751;0;3801.1022
78_18;78;T5_4;Transect 5;18;18.08675;18.6652;35.0862;2.45394;25.1387;MSM80;-15.299;-75.834;2300;16.04;1.779;7.338;65;Chla max;281;115;269;1670.602051;4002.641846;1168.026367;25.17536926;0;298.8247681;29.41690445;162.2814026;0;2362.005;31.3516;1013.8752;28.1339;94.6622;32.3461;19.1424;209.517;110.6152;26.2728;282.7136;0;7356.9681
80_12;80;T5_3;Transect 5;12;12.05874;20.4428;35.0992;3.77432;24.7059;MSM80;-15.299;-75.583;1168;9.188;1.261;3.425;36;NA;288;118;275;1934.786865;17590.22852;730.6038208;39.29101944;0;216.5380859;41.3742981;254.2653198;0;10552.6532;49.364;1187.8985;31.3243;79.5864;70.7037;86.747;131.7584;166.2314;28.8028;201.8912;0;20807.0857
80_20;80;T5_3;Transect 5;20;20.10647;19.1104;35.0679;3.20663;25.0399;MSM80;-15.299;-75.583;1168;13.686;1.654;4.775;36;NA;289;119;276;2058.658447;132.1184235;546.9727173;40.23954391;0;165.6856995;169.3920746;201.9616852;0;182.9781;54.4002;1388.9051;40.9923;96.1905;23.2278;60.5739;107.8335;150.9951;136.0164;194.5017;0;3315.0287
82_15;82;T5_2;Transect 5;15;15.09573;17.0262;35.1029;2.95942;25.5699;MSM80;-15.3;-75.417;532;16.295;1.77;5.828;20;MLD 10 m;294;121;281;2950.25293;490.8519287;913.4221802;267.8163147;0;1023.202087;12.86212349;263.5973816;0;314.4518;334.0462;1832.6464;73.2351;224.7213;48.3261;99.1598;163.9647;258.4827;29.192;991.3121;259.5825;5922.0049
94_6_10;94_6;T6_3;Transect 6;10;10.05404;18.9068;35.0749;3.25903;25.0744;MSM80;-16;-75;2856;8.288;1.145333333;2.441;105;NA;344;147;330;155.9902649;94.54812622;174.1636658;60.78262329;55.90552139;126.9304657;10.76192188;117.9055023;40.6385;0;68.1704;81.6561;16.7679;23.3684;15.1114;14.553;27.2272;70.0141;7.861;110.7103;0;796.9881
94_6_20;94_6;T6_3;Transect 6;20;20.1139;16.0225;35.029;1.91824;25.752;MSM80;-16;-75;2856;10.076;1.459;0.548;105;Chla max;345;148;331;100.7316589;51.27468872;302.0155029;25.69858742;55.50724411;183.6389465;9.558178902;40.03928757;34.1818;0;31.1474;60.188;19.4599;39.5291;25.4867;21.3182;51.4846;29.4747;7.9444;167.0221;0;768.464
95_10;95;T6_1;Transect 6;10;10.07009;17.2669;35.0934;1.56392;25.5182;NA;-16;-74.166;119;0.576;0.8;2.968;15;Chla max;351;151;337;4071.096436;48495.14453;474.8230286;24.66048241;683.2854004;219.9601593;11.63544273;248.0249023;406.9208;32708.6771;63.1795;3610.1413;47.5847;105.7568;106.5795;68.2467;148.6389;190.6599;20.7125;218.0557;0;54228.6276
96_17;96;T6_5;Transect 6;17;17.11417;17.5987;35.1109;1.81321;25.4098;MSM80;-15.999;-76;3726;9.087;1.223;3.511;199;Chla max;357;154;343;227.9828644;166.2279205;118.9097214;33.74864197;76.82910156;245.4732666;0.916635633;70.37859344;49.4225;91.0872;43.1481;155.8598;27.433;57.9068;32.5116;5.4692;21.3535;51.2284;3.2853;231.4271;0;940.4667
99_10;99;T6_4;Transect 6;10;10.06128;18.0844;35.0364;5.10884;25.1771;MSM80;-16;-75.251;4712;3.154;0.77;1.969;131;Chla max;363;157;349;91.6834259;142.1658173;77.17749786;20.26717758;117.3769684;143.7615204;11.60867977;183.1529083;65.8431;75.9674;27.3249;76.9727;15.7981;19.4815;14.4151;9.8565;13.4193;130.9852;9.4596;142.4784;62.1019;787.1941
99_20;99;T6_4;Transect 6;20;20.12119;16.442;35.1108;3.46469;25.7172;MSM80;-16;-75.251;4712;16.47;1.626;6.209;131;NA;364;NA;350;26.01729774;0;38.86094666;34.32587433;141.3775787;168.6951752;0;129.2091675;92.0881;29.6033;50.3092;92.6863;12.792;19.6167;9.2332;8.6557;10.3835;143.1248;0;196.635;198.1522;538.486
104_1_15;104_1;T6_2;Transect 6;15;15.09322;16.8831;35.0618;1.55894;25.5618;MSM80;-15.999;-74.333;620;10.822;1.614;6.013;33;Chla max (18);375;163;361;1170.200562;1692.840332;535.0092163;16.52223396;200.8684692;108.6703644;11.80820465;92.16786957;121.2611;1290.056;29.0149;903.0025;16.5867;43.0952;10.2305;24.8494;110.1262;74.6128;13.5396;114.339;27.1856;3828.0876
1_25;1;T1_6;Transect 1;25;25.17605;22.2051;35.3726;4.45281;24.4317;MSM80;-8.499;-80.999;6229;12.191;1.032;4.654;230;Chla (MLD 35 m);2;NA;2;9.665527344;10.40239334;5.965580463;55.27426147;35.68622208;61.82695007;7.179691792;71.63349915;34.6966;6.4715;66.7865;18.7959;6.4579;0;4.6603;3.9414;1.0999;63.3746;5.338;83.9399;65.3811;257.6341
4_25;4;T1_5;Transect 1;25;25.14611;20.6514;35.2437;4.36768;24.751;MSM80;-8.516;-80.493;1328;15.043;1.261;1.92;175;Chla max (MLD 20 m);8;5;8;65.01656342;24.05096626;28.24814224;83.60390472;121.4074326;126.7578049;12.84528828;133.0666351;83.8403;12.9682;98.0304;48.4854;13.4008;2.0614;7.3868;8.8043;4.3814;109.3073;9.2615;157.5708;105.4817;594.9967
7_25;7;T1_4;Transect 1;25;25.17822;21.9139;35.3174;4.42346;24.4504;MSM80;-8.499;-80.031;356;15.777;1.358;5.254;120;Chla max (MLD 20 m);17;8;16;51.08937454;15.67564487;44.49910736;97.220047;92.67250061;184.8688965;23.24795151;133.6430664;73.9729;8.2799;114.3073;39.1758;18.9478;0.717;16.2041;6.9733;7.4099;111.6915;16.278;231.6635;98.6212;642.9166
10_25;10;T1_3;Transect 1;25;25.167;21.0007;35.0484;4.52671;24.5368;MSM80;-8.499;-79.667;101;14.77;1.348;7.159;80;NA;23;11;22;326.0207214;14.3714819;60.62003708;15.81446838;104.8357468;97.90016174;9.456408501;32.24291992;66.7226;12.625;24.0581;292.9978;11.6469;23.9061;8.7621;8.1801;13.3166;27.6769;8.9314;103.7166;3.0776;661.2619
14_25;14;T1_1;Transect 1;25;25.17202;18.4825;35.068;2.00612;25.1894;MSM80;-8.499;-79.167;64;21.712;1.549;8.728;25;NA;35;17;33;2201.7854;217.3080597;48.95529938;11.21137428;183.3282166;38.81027985;7.812078476;31.88427162;107.5863;145.8065;20.2696;1556.251;3.0273;8.3398;7.5626;16.9428;11.96;25.1307;6.5265;46.1183;0;2741.0947
18_30;18;T2_5;Transect 2;30;30.19678;22.3394;35.2546;4.4338;24.3173;MSM80;-9.499;-80.003;2423;12.602;1.014;3.784;176;Base ML;62;NA;58;0;4.89598465;5.592457771;40.14463425;45.04484558;64.2024231;7.563650131;182.4496155;39.1101;6.1115;51.9615;21.0977;6.3582;0;4.3983;4.9164;2.3025;165.6874;6.3388;104.2115;169.2873;349.8936
20_27;20;T2_4;Transect 2;27;NA;NA;35.1025;NA;NA;MSM80;-9.499;-79.668;891;11.732;1.028;5.126;140;Chla max;68;30;64;147.521759;16.77597618;53.42699051;27.24975967;179.2476654;147.5934753;0;18.3727932;95.7133;8.1878;34.9699;96.3384;14.3389;35.0337;7.0421;9.8387;8.4439;14.3747;1.828;122.6522;1.3739;590.1884
22_28;22;T2_3;Transect 2;28;28.1916;20.9174;35.0749;3.88114;24.5503;MSM80;-9.499;-79.339;152;8.116;0.918;2.359;103;Chla max;75;32;71;34.41440201;12.96582508;31.37976837;26.64378357;34.75946045;61.23917389;1.59276855;26.64748955;23.4779;6.4632;29.8089;13.2409;7.0607;4.7642;3.7503;2.4731;4.8691;18.6108;1.3275;62.1178;8.2253;229.6426
22_35;22;T2_3;Transect 2;35;35.23192;19.3382;35.0194;2.7648;24.8769;MSM80;-9.499;-79.339;152;11.469;1.161;5.372;103;NA;76;33;72;42.22860336;12.21543598;40.43283844;48.94339752;87.04647827;134.5310059;0;12.54653072;55.654;6.0278;56.3511;28.1683;12.2904;20.0664;4.6947;6.0043;6.4383;14.1124;0.7924;130.9324;14.1607;377.9443
28_25;28;T2_2;Transect 2;25;25.17088;21.1868;35.1526;3.58924;24.555;MSM80;-9.499;-78.667;107;16.751;1.478;5.728;28;Chla max;88;38;83;57.16475677;18.56410789;21.31838036;33.95694351;55.8259201;78.80413055;2.058212519;13.87943363;35.1363;9.2203;37.8699;25.0916;8.7616;9.8115;5.3818;4.954;3.0016;10.5759;1.7793;73.235;4.1646;281.5719
38_30;38;T3_1;Transect 3;30;30.15448;17.7505;35.051;0.29353;25.3744;MSM80;-11.996;-77.338;104;30.088;2.055;14.261;22;NA;130;55;125;701.3692627;17.60006714;200.5795288;12.6657896;50.33372498;31.78738976;12.67176056;40.57486343;31.3717;12.2064;16.8895;471.431;3.7886;8.5379;4.0536;33.9926;37.7134;27.9161;9.7098;31.6032;0;1067.5824
40_25;40;T3_2;Transect 3;25;25.15207;17.4994;35.0569;0.96274;25.4357;MSM80;-12;-77.499;139;24.115;1.887;10.236;40;NA;134;58;129;1035.780518;39.40700912;225.4874573;43.17442703;17.61727905;44.03857803;12.74776649;65.82865143;21.8369;25.049;51.8821;661.0654;6.3084;9.1511;17.6208;29.7242;41.6365;43.4251;8.2572;36.9474;0;1484.0815
43_30;43;T3_3;Transect 3;30;30.16214;16.8284;35.0722;0.85822;25.6026;MSM80;-12;-77.666;180;28.615;2.051;18.015;58;NA;146;64;140;126.362793;11.11236572;73.4822998;8.121447563;14.18908119;9.220909119;0.508086741;19.93364906;10.9613;8.2715;10.8664;102.7367;2.2478;0;5.6116;6.5155;14.7979;15.0923;0;10.0286;4.4332;262.9306
45_25;45;T3_4;Transect 3;25;25.13587;17.0539;35.0819;1.14135;25.5613;MSM80;-11.999;-77.833;460;28.786;2.007;12.596;76;NA;150;67;144;212.1898651;9.392090797;146.0288086;13.85612774;77.52354431;63.77987289;0;33.74542999;51.968;9.9571;21.2943;223.2646;7.0456;19.3589;4.1639;5.7546;31.2579;33.2298;0;68.4847;24.8408;556.5158
45_35;45;T3_4;Transect 3;35;35.19501;16.1908;35.066;0.68525;25.7482;MSM80;-11.999;-77.833;460;30.079;2.122;15.597;76;NA;151;NA;145;96.28276825;9.633918762;38.21731186;10.84005356;28.34319878;22.92811966;0;28.7726593;22.3088;9.1534;16.3337;113.7822;4.0847;5.7737;1.2501;4.74;9.1515;26.0489;0;28.2384;13.2386;235.018
46_22_30;46_22;T3_5;Transect 3;30;30.15836;17.1506;35.1149;0.90655;25.561;MSM80;-12;-78;1613;31.607;2.184;14.812;95;NA;159;70;150;55.7560463;8.283510208;40.37202835;9.054149628;0;22.91570473;0;11.68346977;0;6.1785;11.8533;49.6021;1.8943;4.9341;0.9651;3.4242;8.1762;12.5615;0;26.6219;15.095;148.0649
53_30;53;T4_7;Transect 4;30;30.14736;17.9352;35.1558;2.41959;25.3977;MSM80;-14.499;-77.5;4567;21.338;2.318;9.021;170;NA;190;78;180;273.4193726;27.34744644;45.53000641;4.535140991;155.4590759;31.45738983;4.465698242;54.39513779;94.8231;22.2192;11.5697;280.4064;3.127;13.5003;2.5163;22.198;10.7428;66.079;4.6568;38.9267;102.9537;596.6093
56_3_30;56_3;T4_6;Transect 4;30;30.14261;17.5183;35.2052;3.04518;25.5461;MSM80;-14.496;-77.002;6117;16.924;1.722;4.997;112;NA;196;NA;186;180.8743744;10.93323135;91.300354;27.28856277;0;43.42718506;0.802832663;19.99386978;0;6.8427;32.6068;115.9244;3.4321;10.3272;2.275;4.2961;16.4698;15.8588;1.2094;41.2579;9.0741;374.6204
58_25;58;T4_5;Transect 4;25;25.1343;18.8095;35.1542;2.5186;25.1693;MSM80;-14.499;-76.667;2649;17.742;1.78;4.235;75;NA;202;82;192;333.4943237;335.5603027;296.4605408;30.12380028;478.4075012;136.8457489;7.803251743;64.18669128;266.8975;211.6363;50.7856;341.2503;8.7777;64.7455;7.6338;16.5346;55.5251;49.9373;9.221;94.8097;17.3421;1682.8822
60_30;60;T4_4;Transect 4;30;30.15948;17.2287;35.2027;3.42798;25.6049;MSM80;-14.499;-76.5;1420;15.741;1.62;5.442;57;NA;209;85;198;37.97146988;33.92136002;51.028759;11.40909767;78.63553619;63.89710999;3.058196545;23.58590508;52.5687;26.2769;18.3981;84.6263;6.9851;16.3211;3.3596;9.7892;11.6594;34.2895;3.8737;77.6995;56.3497;303.5074
63_30;63;T4_2;Transect 4;30;30.41572;16.0992;35.0475;0.18251;25.7608;MSM80;-14.5;-76.167;131;28.076;2.507;18.554;28;NA;215;89;204;23.31275177;0;14.04216576;3.875891209;1.739728212;7.209785938;0;26.63353157;2.9602;0;5.8642;35.7915;1.7674;3.2736;0;12.9597;3.6225;21.1493;0;7.3565;0;76.8139
65_30;65;T4_1;Transect 4;30;30.17762;16.2942;35.0468;0.15655;25.7164;MSM80;-14.5;-76.019;97;28.219;2.546;16.936;10;NA;221;92;210;104.4505692;447.8671265;72.99637604;5.45203352;8.116696358;31.22712708;1.514386654;52.84037781;6.7463;289.1014;7.1233;93.8258;4.9035;0;1.9992;12.8408;14.4899;35.7246;1.4457;40.8731;0;724.4647
66_25;66;T4_3;Transect 4;25;25.1531;17.9726;35.1567;2.51771;25.3881;MSM80;-14.499;-76.334;228;19.425;1.806;8.881;40;NA;227;95;216;789.7941284;420.4042969;306.7491455;10.1459837;108.7528;168.4411163;1.83084321;75.17034149;59.0968;253.9725;14.8364;482.0625;15.3721;31.8402;11.6989;12.3653;54.4325;54.3894;2.8845;163.0304;16.8719;1881.2884
67_25;67;T5_1;Transect 5;25;25.14872;17.2553;35.0712;0.84421;25.5081;MSM80;-15.299;-75.334;133;25.559;2.373;10.941;8;NA;233;98;222;436.033844;57.78177261;164.6163788;17.56227112;28.02870941;36.95052338;0;51.3098526;21.4079;38.846;22.6516;316.4258;4.7766;8.6605;6.039;15.9797;31.9863;34.9376;0;35.166;0;792.2834
74_25;74;T5_5;Transect 5;25;25.13329;18.5495;35.1198;1.55239;25.2288;MSM80;-15.3;-76.501;3835;29.145;2.169;7.507;140;NA;276;113;264;457.543457;158.4650269;102.9704285;16.65244102;0;13.8027029;8.766183853;43.52228928;0;112.6534;23.0826;390.6068;0;6.2643;2.5576;19.5704;22.7468;32.9778;7.6733;18.7706;0;801.7224
74_35;74;T5_5;Transect 5;35;35.19397;17.4895;35.1597;1.78921;25.5186;MSM80;-15.3;-76.501;3835;28.917;2.294;10.367;140;NA;277;NA;265;139.3914795;76.90427399;38.99449921;7.556230068;0;12.24332905;6.471618652;33.64754486;0;59.8898;11.488;157.5508;2.6974;3.6755;1.2299;8.7318;9.9024;27.2896;6.1609;17.55;0;315.209
78_30;78;T5_4;Transect 5;30;30.15884;18.1904;35.0765;2.18597;25.2839;MSM80;-15.299;-75.834;2300;21.032;2.086;9.016;65;NA;282;116;270;1325.171143;391.4711609;605.826416;23.19026756;0;216.3994904;18.07975197;93.63103485;0;242.9773;28.3117;840.3836;33.3002;60.6972;14.5691;48.2403;110.9589;66.1716;16.5792;180.9543;0;2673.7691
80_30;80;T5_3;Transect 5;30;30.16673;16.3292;35.073;0.22719;25.7066;MSM80;-15.299;-75.583;1168;28.324;2.593;14.973;36;NA;290;NA;277;133.4948273;97.06522369;67.22909546;9.379657745;0;10.06501579;28.65777779;31.96390152;0;79.2157;14.9498;184.8599;3.4261;6.368;0;11.9372;17.3424;29.6445;26.7038;20.0572;0;377.8555
82_25;82;T5_2;Transect 5;25;25.15551;16.062;35.073;1.48168;25.7834;MSM80;-15.3;-75.417;532;22.728;2.001;8.19;20;NA;295;122;282;135.1005859;34.24743652;25.50392723;10.79651165;0;34.8042984;2.10077858;11.01502419;0;23.0263;13.8473;103.3019;3.6908;12.0833;1.4339;6.6297;5.2504;12.1356;2.4299;31.9067;13.4682;253.5686
94_6_30;94_6;T6_3;Transect 6;30;30.17478;15.2854;35.0364;0.12285;25.9328;MSM80;-16;-75;2856;19.009;2.423;8.294;105;NA;346;149;332;180.690918;0;76.97489166;5.205705166;65.12039185;41.5261116;11.5873661;29.45614815;36.2661;0;8.1441;127.9954;4.405;7.5725;4.0444;20.7831;14.1379;24.4903;8.7159;44.9307;16.414;410.5616
95_30;95;T6_1;Transect 6;30;30.19096;15.5907;35.0298;0.5801;25.8649;NA;-16;-74.166;119;28.342;2.535;14.145;15;NA;352;152;338;132.2650909;93.04953003;50.83143234;3.34875536;11.09879017;10.50045109;0;17.89844322;7.5149;60.9592;4.5825;101.0198;2.2599;0;1.0754;8.9648;10.0461;15.0049;0;14.1632;10.9182;318.9925
96_25;96;T6_5;Transect 6;25;25.16219;16.6518;35.1141;2.24682;25.6783;MSM80;-15.999;-76;3726;22.487;2.047;7.892;199;NA;358;NA;344;293.5548706;92.46206665;150.9137268;34.0017662;179.942276;157.243515;16.52142334;64.11685181;113.639;64.2857;48.9178;293.1459;18.8405;36.5038;11.2876;9.6782;30.8277;55.6728;15.1799;166.2193;22.557;988.7564
104_1_25;104_1;T6_2;Transect 6;25;25.15385;16.0469;35.0238;1.47779;25.7493;MSM80;-15.999;-74.333;620;22.799;2.053;8.685;33;NA;376;164;362;236.2696533;118.4514694;98.21058655;6.072106361;37.63423157;35.94753265;2.591402769;10.50903511;25.2618;83.5524;9.5053;217.5444;5.9821;6.1888;2.4726;7.8075;21.0113;13.1993;2.8358;44.051;13.2509;545.6861
104_1_35;104_1;T6_2;Transect 6;35;35.21419;15.5938;35.0019;1.05276;25.8392;MSM80;-15.999;-74.333;620;27.911;2.711;14.89;33;NA;377;NA;363;8.02066803;109.2043686;56.31020355;3.932544947;1.66997385;0;0;19.72214508;3.7682;86.7784;6.1932;54.0348;0;0;0.6802;11.3031;14.0108;32.2782;0;0;63.1889;198.8599
1_40;1;T1_6;Transect 1;40;40.26286;19.2531;35.2303;2.87531;25.12;MSM80;-8.499;-80.999;6229;15.965;1.467;6.794;230;Chla max;3;2;3;15.88937378;9.024280548;0.173560038;101.9385834;57.68966293;116.0629883;5.728607178;77.59177399;64.9851;5.6762;119.1167;31.262;12.9566;8.6888;9.1723;4.1911;0;90.3301;5.2198;168.3746;144.5198;384.0989
4_40;4;T1_5;Transect 1;40;40.23274;17.952;35.1696;1.98241;25.407;MSM80;-8.516;-80.493;1328;27.726;2.171;11.668;175;Oxycline mid;9;NA;9;54.73287582;11.21511841;20.93843079;33.62731171;85.40005493;107.4838181;2.129552364;19.21675873;61.199;8.372;43.2162;77.3716;11.6379;18.0286;4.2708;5.2255;4.5611;33.6182;3.3606;130.1901;61.0486;334.7439
4_60;4;T1_5;Transect 1;60;60.35091;15.1588;35.0429;0.10067;25.9676;MSM80;-8.516;-80.493;1328;33.349;2.279;18.147;175;Oxycline low;10;6;10;0;7.421032429;15.26619911;5.021193981;21.7428627;11.3180685;2.935156822;7.590930939;15.7288;5.8018;7.4012;13.7708;1.1058;3.7076;0.4929;2.9843;3.4428;15.1656;2.8462;13.2615;32.1959;71.2954
7_40;7;T1_4;Transect 1;40;40.26516;19.7869;35.2738;2.80372;25.0047;MSM80;-8.499;-80.031;356;25.957;1.904;11.077;120;NA;18;NA;17;91.34254456;14.21055508;38.59392166;69.25698853;134.5409851;134.1737823;5.313434124;68.28462982;88.0875;6.8148;76.8023;57.6412;12.2043;7.5615;8.4726;4.1435;6.0314;73.2278;4.4831;185.1494;124.2222;555.7169
7_60;7;T1_4;Transect 1;60;60.38268;17.064;35.1299;1.31549;25.5614;MSM80;-8.499;-80.031;356;28.859;2.009;13.067;120;Base euphotic zone;19;9;18;45.28827286;4.477624416;27.2128315;28.71504593;74.7833786;90.59017181;0;17.94629669;51.884;3.4911;36.0135;60.5128;9.739;14.7975;3.4435;2.5028;5.4997;49.0654;0;111.9803;133.2627;289.0136
10_40;10;T1_3;Transect 1;40;40.25402;19.0875;35.055;2.3491;25.0311;MSM80;-8.499;-79.667;101;21.743;1.559;12.259;80;Base ML;24;12;23;86.5385437;0;32.58081436;6.911157608;31.83759689;18.8680687;2.832924843;7.376170635;21.4079;0;9.6754;78.6478;1.8218;4.3774;1.234;4.2684;6.739;8.1094;2.6759;20.618;4.0485;186.9453
10_60;10;T1_3;Transect 1;60;60.37166;17.339;34.985;1.49425;25.4223;MSM80;-8.499;-79.667;101;23.01;1.718;16.136;80;NA;25;NA;24;84.90015411;0;9.396679878;4.244976521;10.0678196;3.927414417;1.973589301;0;7.3791;0;5.4332;63.3216;0;0.8396;0;6.9317;1.9432;0;1.7029;6.6967;0;114.5106
13_50;13;T1_2;Transect 1;50;50.28708;17.1991;34.9852;1.56798;25.4557;MSM80;-8.5;-79.334;77;22.355;1.577;12.764;48;NA;31;15;29;306.8264771;14.92090988;7.897827625;6.319954872;39.78964615;12.50717068;2.080229282;0;26.3844;11.185;9.5507;237.8919;1.3324;2.9246;0.8342;4.7321;2.1706;0;2.0643;16.1975;0;390.3422
13_77;13;T1_2;Transect 1;77;77.4489;16.7842;35.0185;1.27692;25.5821;MSM80;-8.5;-79.334;77;23.011;1.763;18.691;48;Deepwater;32;NA;30;170.920929;87.50865173;35.18220139;2.676297426;10.92497635;22.52396774;19.67617798;13.17423534;0;33.8731;0;1.0711;5.1573;0;0;0;2.5519;0;10.2033;9.4018;3.9936;362.5874
14_40;14;T1_1;Transect 1;40;40.25898;17.2839;35.0343;1.84124;25.4678;MSM80;-8.499;-79.167;64;22.5;1.5;11.081;25;NA;36;NA;34;559.9840088;32.39801788;23.33675003;7.846977234;65.41363525;15.31402016;3.408732891;10.01618099;40.9173;22.5206;12.0461;407.4485;0;3.2736;3.895;6.3134;5.1991;11.3964;2.7941;19.8922;4.5065;717.7183
14_50;14;T1_1;Transect 1;50;50.31778;17.0905;35.0343;1.67545;25.5095;MSM80;-8.499;-79.167;64;22.729;1.567;12.672;25;NA;37;18;35;529.9727173;33.13182449;22.76627922;8.357172966;53.9589386;17.51334953;0;0;30.7818;20.0928;10.6623;333.4384;0.9789;4.085;1.2409;6.8366;4.0405;0;0;14.0202;3.4074;665.7003
18_40;18;T2_5;Transect 2;40;40.25489;20.7953;35.3138;3.60819;24.7643;MSM80;-9.499;-80.003;2423;15.191;1.337;5.06;176;Base euphotic zone and Chla max;63;27;59;26.72011185;12.35112762;13.35985279;49.67333221;64.90956879;92.77989197;3.668451309;91.10636902;50.6613;7.4511;57.7633;29.7863;9.8976;6.9577;4.6051;4.5537;2.3502;106.5643;3.6177;139.5754;185.225;354.5687
20_40;20;T2_4;Transect 2;40;NA;NA;35.0662;2.18583;NA;MSM80;-9.499;-79.668;891;20.257;1.494;8.763;140;Oxicline;69;NA;65;216.6364288;17.10725212;104.795372;39.35972214;189.2352753;81.55124664;4.51479435;19.30574989;122.1138;12.198;53.1298;208.0429;13.1968;0;5.3428;1.3792;20.9649;22.8854;4.2259;134.957;19.3084;672.5059
20_60;20;T2_4;Transect 2;60;NA;NA;35.029;1.38399;NA;MSM80;-9.499;-79.668;891;23.375;1.643;12.561;140;Base euphotic zone;70;NA;66;29.16895294;0;32.05762863;9.806315422;26.12858391;6.790765285;0.620213032;2.082218885;19.5095;0;13.2654;35.3813;1.0605;0;0.5308;1.296;6.7646;3.5802;0.6116;13.2945;3.8745;106.6547
22_60;22;T2_3;Transect 2;60;60.37954;17.1305;35.0677;1.61459;25.5332;MSM80;-9.499;-79.339;152;22.735;1.575;9.939;103;NA;77;NA;73;20.28187561;6.029761314;28.90165901;57.72354507;63.10923767;34.67359161;1.793041945;8.534216881;55.5199;4.5962;70.0873;46.1096;3.9337;7.0898;1.4891;1.2722;5.9067;11.678;2.0539;37.0299;14.2523;221.047
28_40;28;T2_2;Transect 2;40;40.25822;18.0028;35.1314;1.69866;25.3628;MSM80;-9.499;-78.667;107;23.799;1.71;12.26;28;NA;89;39;84;46.47018814;6.767601967;28.66355705;60.9218483;54.13446808;27.6436615;0.702937603;4.160848141;46.162;3.9013;66.7298;42.2239;2.4291;4.8586;1.9441;2.1342;4.9901;3.0246;0.7715;24.7086;0;229.4651
30_40;30;T2_1;Transect 2;40;40.27044;16.9787;35.025;0.92741;25.5384;MSM80;-9.499;-78.449;82;26.145;1.916;19.881;5;NA;94;42;89;147.8341675;0;45.64377975;10.58905697;10.27111435;6.018200874;5.282402515;54.7939949;11.5137;0;14.3487;132.7851;1.7901;0;2.437;28.8978;10.0681;41.7315;4.5526;12.0409;0;280.4327
40_50;40;T3_2;Transect 3;50;50.30009;16.5905;35.0549;0.57906;25.6543;MSM80;-12;-77.499;139;28.856;1.983;15.183;40;NA;135;NA;130;270.1224976;14.56115913;146.7279053;15.93775845;13.35934353;34.62926865;1.091842294;0;12.8705;9.6445;18.5569;183.6862;2.3203;5.1825;14.2657;10.7007;27.3275;0;0;23.7959;0;496.4297
45_50;45;T3_4;Transect 3;50;50.28419;15.642;35.0378;0.09322;25.8579;MSM80;-11.999;-77.833;460;26.825;2.416;24.099;76;NA;152;NA;146;0;47.27244949;91.66923523;13.58620739;0;0;0;24.65291023;2.7886;51.5714;29.8089;80.3115;2.3928;0;0;17.8821;28.9896;35.8121;0;0;0;177.1808
46_22_50;46_22;T3_5;Transect 3;50;50.27707;99;35.0275;0.15278;25.9739;MSM80;-12;-78;1613;27.072;2.427;23.043;95;NA;160;NA;151;7.789583206;0;7.132599831;2.541790247;0;0;0;32.33483887;0;0;5.989;32.8744;0;0;0;14.4578;2.7279;34.9376;0;2.4412;0;49.7988
53_45;53;T4_7;Transect 4;45;45.23816;14.9489;35.0195;0.10712;25.9928;MSM80;-14.499;-77.5;4567;20.711;2.45;21.236;170;Chla max;191;79;181;0;42.82567215;0.173881605;0.940448344;0;29.14268684;8.996564865;16.90686607;0;68.5163;9.3616;45.8532;3.5772;2.3145;0.8548;20.1173;3.3829;63.3321;17.5616;151.3964;83.34;98.9861
53_75;53;T4_7;Transect 4;75;75.42286;13.9885;34.9773;0.04323;26.1721;MSM80;-14.499;-77.5;4567;17.33;2.571;27.549;170;NA;192;NA;182;0;27.80161858;0;0;0;0;0;5.072105885;0;54.8867;3.1646;13.4004;0;0;0;8.7865;0;28.8806;0.8897;4.2885;1.7403;32.8737
56_3_45;56_3;T4_6;Transect 4;45;45.23333;16.2973;35.0949;2.29237;25.7475;MSM80;-14.496;-77.002;6117;17.883;1.75;7.101;112;NA;197;NA;187;123.3807449;6.957158089;14.91623974;24.58149147;0;38.80186462;1.656036377;11.8235693;0;3.9627;27.1698;72.5097;2.8098;8.7549;1.2455;4.7242;2.4981;13.8166;1.7701;31.2513;24.0958;222.1171
56_3_70;56_3;T4_6;Transect 4;70;70.38656;14.3716;34.9987;0.06981;26.1077;MSM80;-14.496;-77.002;6117;21.346;2.525;23.939;112;NA;198;NA;188;0;8.949209213;0;0;0;9.02350235;3.544077158;0.892181158;0;24.1448;2.0266;11.4177;4.4352;0;0;6.8326;0.748;21.5016;10.6296;74.7965;34.782;22.409
58_40;58;T4_5;Transect 4;40;40.22494;17.2079;35.2158;3.27877;25.6227;MSM80;-14.499;-76.667;2649;17.41;1.619;5.272;75;NA;203;83;193;113.9453201;23.39919662;53.30817413;18.24690056;137.9141388;70.91422272;2.825742006;17.60481644;85.6368;16.7775;26.6726;135.5256;5.9594;17.4862;2.7955;5.4871;11.0068;26.5967;3.6525;70.9258;39.148;438.1585
58_60;58;T4_5;Transect 4;60;60.34674;15.3951;35.0366;0.27771;25.9109;MSM80;-14.499;-76.667;2649;32.358;2.551;14.224;75;No fluorescence;204;NA;194;10.604105;31.34577942;10.79905701;3.757239103;24.46060371;12.77382755;0.027923398;0;16.131;21.7253;5.6487;22.2999;1.0151;3.934;0;4.6251;2.3869;9.7105;0.3858;14.1687;34.6507;93.7685
60_50;60;T4_4;Transect 4;50;50.2803;15.5155;35.047;0.87755;25.8892;MSM80;-14.499;-76.5;1420;28.362;2.436;14.091;57;NA;210;NA;199;15.54548073;0;11.31919479;8.49793148;23.68769455;7.756296158;0;6.476263046;17.3465;0;11.4109;25.0461;0.7009;2.7296;0;3.1706;2.4785;6.9649;0;6.6857;5.9232;73.2829
63_50;63;T4_2;Transect 4;50;50.28555;15.8777;35.0439;0.1032;25.8104;MSM80;-14.5;-76.167;131;27.957;2.523;18.828;28;NA;216;NA;205;57.66165924;0;44.80939102;4.028818607;2.853409767;13.31306553;0;31.84904671;4.1078;0;5.5807;57.0202;1.3324;3.9057;0;14.6481;9.5475;24.2434;0;14.1852;0;154.5154
63_70;63;T4_2;Transect 4;70;70.40864;15.4983;35.0363;0.07087;25.89;MSM80;-14.5;-76.167;131;28.787;2.48;18.808;28;NA;217;NA;206;13.83556747;0;17.87769699;6.725346088;0;9.122310638;0;37.06451416;0;0;12.0007;37.854;0;3.2076;0;20.7118;5.0891;34.3975;0;17.0222;0;84.6254
65_50;65;T4_1;Transect 4;50;50.29856;16.0386;35.0413;0.06356;25.7715;MSM80;-14.5;-76.019;97;28.135;2.583;18.177;10;NA;222;NA;211;86.48548126;0.595008314;39.97539139;4.49814415;2.297003984;18.14204407;0;0.166993618;2.1108;0;4.646;45.8623;2.8206;0;0;10.6817;6.8871;0;0;25.8632;0;152.1601
66_45;66;T4_3;Transect 4;45;45.27317;16.5984;35.104;0.94037;25.693;MSM80;-14.499;-76.334;228;20.843;1.787;7.247;40;NA;228;NA;217;76.05767059;5.701962948;51.05453491;10.0469265;37.80086899;40.61765289;0.332618594;14.48677349;23.7674;3.7506;12.5043;60.3567;3.1687;7.336;1.9248;5.1363;9.5211;16.3701;0.7951;44.1522;22.6864;236.099
66_60;66;T4_3;Transect 4;60;60.36439;15.4981;35.0528;0.07738;25.8997;MSM80;-14.499;-76.334;228;34.005;2.414;14.64;40;NA;229;NA;218;0;36.19672012;16.02872849;1.358363986;3.449604988;4.002186775;0;5.930928707;4.702;31.5055;2.8765;15.7523;0.8411;1.2;0.3805;4.423;4.5288;8.2653;0;7.8645;2.975;66.9665
67_50;67;T5_1;Transect 5;50;50.30032;15.6485;35.0385;0.06341;25.8563;MSM80;-15.299;-75.334;133;22.136;2.663;20.341;8;NA;234;NA;223;16.88394165;2.231904984;10.08772373;5.2255373;0;1.580504656;0.423263282;27.53921127;0;3.2316;10.0271;39.3011;0;1.5472;0;12.1869;3.2632;27.3606;0.7089;3.2989;0;63.9721
67_75;67;T5_1;Transect 5;75;NA;NA;35.0325;0.03896;NA;MSM80;-15.299;-75.334;133;21.874;2.662;20.831;8;NA;235;NA;224;15.71043682;0;9.376400948;5.948484421;0;5.652368546;0;23.91122246;0;0;12.0347;45.1011;1.849;3.3963;0;16.6099;3.3365;25.9254;0;5.1133;0;60.5989
74_50;74;T5_5;Transect 5;50;50.28541;15.4914;35.044;0.59638;25.889;MSM80;-15.3;-76.501;3835;29.548;2.498;14.751;140;NA;278;NA;266;19.28651619;9.075780869;10.14202499;1.8157897;0;6.497022629;4.824060917;28.93641663;0;8.7471;3.9201;38.2778;1.2544;2;0.9265;7.6284;3.0681;27.6661;5.2101;11.6648;1.4948;80.5776
78_40;78;T5_4;Transect 5;40;40.21939;17.7084;35.1031;1.6366;25.3693;MSM80;-15.299;-75.834;2300;27.791;2.237;11.797;65;NA;283;NA;271;112.8622742;70.36073303;124.4107895;8.229254723;0;15.71328259;2.986560822;8.909791946;0;48.2494;11.6241;100.248;0;4.5812;2.2943;7.5333;25.1373;9.9936;2.7246;18.2626;2.975;343.4727
78_50;78;T5_4;Transect 5;50;50.28004;15.9657;35.0611;0.17511;25.7888;MSM80;-15.299;-75.834;2300;28.137;2.583;19.44;65;NA;284;NA;272;0;47.84777069;8.501993179;2.925313473;0;0;10.00821209;4.275737286;0;65.6029;12.3183;51.1746;0;0;0.4343;12.9954;5.6904;18.2172;16.4101;7.7853;0;73.559
82_40;82;T5_2;Transect 5;40;40.24648;15.4634;35.0492;0.39421;25.9032;MSM80;-15.3;-75.417;532;30.263;2.538;15.943;20;No fluorescence;296;NA;283;10.28945541;5.115103722;9.892073631;1.54654181;0;3.331053257;2.279879332;10.98300362;0;3.9707;2.3852;13.2181;0.7096;0.7224;0;5.9788;2.2418;9.4751;2.1328;5.2782;2.7008;43.4371
94_6_55;94_6;T6_3;Transect 6;55;55.32826;14.7617;35.0144;0.05156;26.0356;MSM80;-16;-75;2856;21.03;2.63;22.35;105;NA;347;NA;333;26.82580757;0;16.57695198;2.445096493;0.476247221;0;8.697587967;18.49788475;1.4658;0;3.0928;24.1041;3.0998;0;0;9.7892;3.3732;24.8349;7.1497;0;45.6636;73.5196
94_6_75;94_6;T6_3;Transect 6;75;75.45277;14.2709;34.9877;0.03594;26.121;MSM80;-16;-75;2856;15.147;2.558;24.98;105;NA;348;NA;334;78.05902863;0;7.736420631;3.68964839;1.691078067;0;8.068379402;18.69844055;3.5537;0;5.3689;75.3433;0;0;0;10.4946;2.1021;26.4244;7.3258;0;41.9997;117.943
95_50;95;T6_1;Transect 6;50;50.31326;14.8223;35.0166;0.04803;26.0233;NA;-16;-74.166;119;21.415;2.599;24.364;15;NA;353;NA;339;6.301603794;17.99398804;8.644218445;1.044139147;0;0.617319703;0;18.26496696;0;15.8844;2.3064;19.0295;0;0;0;8.3307;2.503;17.2836;0;4.2665;1.4655;52.8662
96_40;96;T6_5;Transect 6;40;40.25372;15.6278;35.0447;0.26728;25.8625;MSM80;-15.999;-76;3726;29.324;2.58;15.188;199;Base euphotic zone;359;155;345;178.7547302;42.21084976;47.41835403;8.317875862;62.22883224;42.5799408;7.92139864;29.53297997;43.0231;31.7354;13.8761;185.4183;4.6829;12.604;2.2612;5.7546;10.887;41.6247;7.8772;46.7341;57.168;418.9649
99_40;99;T6_4;Transect 6;40;40.24245;15.4467;35.0344;0.12363;25.8981;MSM80;-16;-75.251;4712;22.499;2.686;19.566;131;NA;365;NA;351;0;28.56376839;17.90756416;0.942725837;0;0.975753069;0;27.31937408;2.853;29.9271;4.0078;16.0896;2.9367;0;0;7.1179;6.3846;35.6938;0;7.7414;15.5224;75.7092
99_60;99;T6_4;Transect 6;60;60.36613;14.5874;34.9979;0.06033;26.0564;MSM80;-16;-75.251;4712;13.389;2.619;24.128;131;Chla;366;158;352;0;0.803562224;0.605413795;0;0;0;21.50508308;2.315763474;0.6793;5.1348;0;13.127;3.7705;0;0;9.1867;2.1314;39.0013;29.5766;0;102.514;25.2298
104_1_50;104_1;T6_2;Transect 6;50;50.30604;14.9501;34.99;0.08383;25.9674;MSM80;-15.999;-74.333;620;17.058;2.693;23.687;33;NA;378;NA;364;0;99.34299469;1.206617951;0;0;0;0;7.214668751;0;130.0783;5.868;59.0637;9.1121;0;0;13.6573;4.302;29.4336;0;0;16.5849;107.7643
1_80;1;T1_6;Transect 1;80;80.50035;14.9021;35.0219;0.44586;26.0121;MSM80;-8.499;-80.999;6229;31.522;2.104;17.39;230;Base euphotic zone;4;3;4;15.01927853;0;0;11.70934391;12.84356689;10.49038601;0.850128472;0.483925074;11.5459;0;14.343;15.047;1.1602;1.25;0.4205;1.0641;0;3.0131;0.8584;15.8511;6.9338;51.3966
4_80;4;T1_5;Transect 1;80;80.47051;14.5623;35.0138;0.0785;26.0791;MSM80;-8.516;-80.493;1328;32.75;2.241;19.513;175;Base euphotic zone;11;NA;11;0;1.865924954;6.38917017;3.217942715;14.88385201;6.020368576;1.098242521;3.437166452;10.0121;1.6074;4.5598;5.065;0.4623;1.9151;0;1.9202;1.3896;8.1981;1.1503;7.0266;14.06;36.9127
4_100;4;T1_5;Transect 1;100;100.59244;14.3698;34.9986;0.27404;26.1101;MSM80;-8.516;-80.493;1328;33.178;2.238;19.44;175;NA;12;NA;12;0;0;2.501126289;2.007148981;8.115979195;3.023014069;1.098517418;4.099885941;5.9311;0;3.0229;3.3045;0.3308;1.0944;0;1.5338;0.6416;6.2229;1.1329;3.4473;4.131;20.8457
7_80;7;T1_4;Transect 1;80;80.50243;16.2152;35.0998;0.83432;25.7725;MSM80;-8.499;-80.031;356;30.494;2.045;16.949;120;NA;20;NA;19;22.03791618;2.688767672;11.38391495;14.72244167;42.92789459;43.76718903;0;7.267186642;30.6692;2.3525;19.521;34.726;5.6377;7.6181;1.7304;1.5813;2.4749;27.5381;0;57.8788;71.115;144.7953
10_80;10;T1_3;Transect 1;80;80.4916;16.8679;35.0085;1.21523;25.5543;MSM80;-8.499;-79.667;101;23.268;1.78;17.272;80;Base euphotic zone;26;NA;25;94.9125824;0;11.54014015;4.573209286;6.646572113;2.330309868;1.313372254;0;5.6201;0;5.8869;71.7311;0;0;0;14.5173;2.4419;0;1.1816;6.9276;0;121.3162
10_100;10;T1_3;Transect 1;100;100.61368;16.6157;35.0199;1.12419;25.6214;MSM80;-8.499;-79.667;101;23.527;1.806;17.941;80;NA;27;NA;26;54.01295853;0;10.13945293;3.60653615;5.34696722;1.50284934;2.292447805;29.50195885;5.3841;0;5.6147;60.3248;0;0;0;19.3683;2.7059;29.6754;2.3701;7.0266;0;106.4032
18_80;18;T2_5;Transect 2;80;80.49364;15.2222;35.0283;0.24113;25.9453;MSM80;-9.499;-80.003;2423;32.219;2.249;16.567;176;No fluorescence;64;NA;60;5.184283733;0;19.93422318;1.781403184;7.35623455;3.775155067;1.719648004;9.234158516;5.427;0;2.7223;11.5032;0.639;0.533;0.3998;3.3053;4.4071;9.1703;1.6681;5.971;0;48.9851
20_80;20;T2_4;Transect 2;80;NA;NA;35.0336;1.33872;NA;MSM80;-9.499;-79.668;891;23.804;1.706;15.024;140;No fluorescence;71;NA;67;24.88300514;0;3.29905653;2.014034033;6.239440441;0.777852952;0;5.942625999;4.6387;0;2.8527;22.7671;0;0;0;4.3932;0.7736;5.6866;0;2.3587;0;43.156
20_100;20;T2_4;Transect 2;100;NA;NA;35.0546;1.20346;NA;MSM80;-9.499;-79.668;891;24.678;1.739;14.232;140;NA;72;NA;68;4.74981451;0;0;2.916441441;3.562328339;0.707749367;0;3.849564314;3.4214;0;3.9813;6.2102;0;0;0;2.7881;0;3.4606;0;2.0123;0;15.7859
22_80;22;T2_3;Transect 2;80;80.49952;16.1983;35.0716;0.89052;25.7558;MSM80;-9.499;-79.339;152;27.547;1.886;13.064;103;No fluorescence;78;NA;74;10.15838432;1.9087708;13.74613667;17.54343224;17.8258934;6.34177351;0.892719984;3.603269339;16.7155;1.44;21.7442;15.1553;1.0378;0;0.517;1.8964;2.7829;5.0539;0.7958;11.744;5.1294;72.0204
28_80;28;T2_2;Transect 2;80;80.49669;16.5846;35.0485;1.13646;25.6515;MSM80;-9.499;-78.667;107;24.566;1.768;16.814;28;NA;90;NA;85;17.66672516;0;4.254488468;7.103203297;9.626854897;5.402860165;1.918648362;7.02167654;8.532;0;9.2954;19.0295;0.6526;0.566;0.5515;3.8225;0.9643;6.7476;1.7654;8.9235;0;52.9945
28_107;28;T2_2;Transect 2;107;107.66209;16.3018;35.0527;0.84644;25.7217;MSM80;-9.499;-78.667;107;25.469;1.899;17.08;28;NA;91;NA;86;11.64346027;0;3.954707384;5.304599762;3.473398924;3.326888323;0.96963048;12.54522705;4.2258;0;6.9645;13.0358;0.571;0;0.4584;7.6153;0.9093;10.4782;0.8931;6.3668;0;41.2179
30_80;30;T2_1;Transect 2;80;NA;NA;35.0329;0.92298;NA;MSM80;-9.499;-78.449;82;25.034;1.842;18.081;5;NA;95;NA;90;78.86715698;0;15.80496788;8.080791473;11.80574512;4.027390957;2.746192694;26.85103798;11.5191;0;12.0574;86.3907;1.3777;0;0.4033;18.316;4.0771;29.5673;2.8254;9.4183;0;148.1833
38_100;38;T3_1;Transect 3;100;100.57962;16.0471;35.04;0.02118;25.7706;MSM80;-11.996;-77.338;104;14.108;2.753;29.689;22;NA;131;NA;126;35.62304688;34.50555801;16.9496212;10.88612843;0;9.003400803;0.819958329;23.05621719;1.7053;33.7893;22.5268;76.893;9.1181;0;0;26.1692;5.4557;37.2061;1.4666;5.6741;0;130.8439
40_90;40;T3_2;Transect 3;90;90.54452;15.658;35.0386;0.17483;25.8568;MSM80;-12;-77.499;139;30.486;2.275;19.409;40;NA;136;NA;131;18.33970642;19.68707085;26.75260353;9.945973396;0;1.230410457;0;0;2.7886;21.3486;20.9842;56.177;0.8792;0;0.6273;12.5317;8.4402;0;0;4.0906;0;75.9558
40_138;40;T3_2;Transect 3;138;138.84739;15.0558;35.0228;0.01887;25.9806;MSM80;-12;-77.499;139;22.483;2.502;27.233;40;NA;137;NA;132;21.16622543;22.30046082;12.90854073;6.828776836;0;6.212526798;0;0;0;21.3821;14.9045;50.2858;6.2993;0.8113;0;19.5347;3.9671;0;0;0;0;69.4165
45_100;45;T3_4;Transect 3;100;100.59065;14.9487;35.0178;0.04853;26.0001;MSM80;-11.999;-77.833;460;25.478;2.521;24.516;76;NA;153;NA;147;20.11797905;0;4.114710808;2.095273972;0;1.060949802;0;20.51617813;0;0;4.7867;32.7034;1.5771;0;0;8.2871;1.3933;23.6184;0;0;0;47.9051
56_3_100;56_3;T4_6;Transect 4;100;100.57514;13.945;34.9714;0.0362;26.1804;MSM80;-14.496;-77.002;6117;15.329;2.641;28.82;112;NA;199;NA;189;0;12.85503197;0.109141283;0.035076771;0;1.250557303;0;1.136635184;0;23.8769;1.5275;7.2548;0;0;0;5.8973;0.6649;13.8629;0;11.2162;4.0302;15.3864
58_90;58;T4_5;Transect 4;90;90.53378;13.9663;34.9383;0.04683;26.1478;MSM80;-14.499;-76.667;2649;23.455;2.607;22.563;75;NA;205;NA;195;0.100680813;0;2.022792578;0.436181873;1.263393402;0;0;0.778089345;0.8741;0;0.5842;1.7092;0;0;0;2.7049;0.407;7.8046;0;0;27.4787;4.6011
60_85;60;T4_4;Transect 4;85;85.49687;14.1778;34.9548;0.04868;26.1154;MSM80;-14.499;-76.5;1420;23.658;2.56;19.513;57;NA;211;86;200;0;0;1.894314408;0.667094469;0;0.975684881;0;1.571994424;0;0;2.5635;7.27;1.2145;1.3396;0;5.4217;0.9777;17.8289;0;0;50.7074;5.1091
63_130;63;T4_2;Transect 4;130;130.28607;14.7445;35.0096;0.02052;26.0384;MSM80;-14.5;-76.167;131;20.425;2.598;27.218;28;NA;218;NA;207;3.965018988;0;5.636438847;2.325624704;0;1.734456062;0;15.04009056;0;0;5.4446;15.0033;0;0.9497;0;11.1763;1.8137;18.369;0;2.947;0;28.7016
65_80;65;T4_1;Transect 4;80;80.48392;15.7498;35.0407;0.03052;25.8355;MSM80;-14.5;-76.019;97;25.533;2.628;19.335;10;NA;223;NA;212;34.58596802;0;9.790880203;3.32636404;0;6.399424553;0;25.48077774;1.0211;0;5.1996;35.7163;0;0;0;10.2917;2.4287;23.4687;0;18.4737;0;79.5834
65_97;65;T4_1;Transect 4;97;97.33905;15.4972;35.0291;0.01329;25.8877;MSM80;-14.5;-76.019;97;18.029;2.771;24.609;10;Bottom;224;NA;213;23.80961609;0;17.45137978;5.409075737;0;15.59441853;0;31.6815815;0;0;11.5016;43.8705;6.4443;0;0;19.725;4.9644;36.6968;0;30.6795;0;93.9461
66_85;66;T4_3;Transect 4;85;85.51999;14.5544;35.0091;0.06408;26.0767;MSM80;-14.499;-76.334;228;30.481;2.384;17.773;40;NA;230;NA;219;14.10031509;0;0;2.092692375;1.1653862;0;0.286375642;3.84890604;1.3299;0;2.3775;10.2281;0;0;0;2.397;0;10.5183;0.2669;0;30.8202;21.4937
67_130;67;T5_1;Transect 5;130;NA;NA;35.0311;0.02224;NA;MSM80;-15.299;-75.334;133;24.692;2.591;22.523;8;NA;236;NA;225;22.70279884;0;9.137507439;2.371010065;0;2.668796062;0.210343257;21.73309517;0;0;5.6865;40.885;0.4109;1.7296;0;12.064;2.8794;27.2731;0.4865;2.1553;0;58.8236
74_80;74;T5_5;Transect 5;80;80.47167;14.4537;34.9868;0.05083;26.0812;MSM80;-15.3;-76.501;3835;23.558;2.542;20.699;140;NA;279;NA;267;0;0;6.702196598;0;0;17.07773399;2.93028903;13.41289139;0;0;4.1174;14.5741;5.0757;2.4812;0;13.0073;5.6977;71.6884;8.3962;109.5227;41.2181;40.1231
78_80;78;T5_4;Transect 5;80;80.4672;15.227;35.0289;0.03644;25.9448;MSM80;-15.299;-75.834;2300;26.317;2.523;21.144;65;NA;285;NA;273;2.479144335;0;6.490254879;0.858834445;0;0;13.0481329;11.35255051;0;0;2.5771;18.5601;0;0;0;9.1503;2.2468;18.6046;16.759;4.0642;0;34.2289
80_80;80;T5_3;Transect 5;80;80.47505;15.1401;35.0258;0.03553;25.9627;MSM80;-15.299;-75.583;1168;26.661;2.529;21.165;36;NA;291;NA;278;3.400102139;20.22434807;3.561619043;1.763259768;0;0;8.232506752;0.870017231;0;40.3362;9.3465;57.7837;0;0;0;9.7971;3.0505;21.9054;19.7324;7.2905;0;38.0519
82_80;82;T5_2;Transect 5;80;80.49362;14.399;34.9965;0.03859;26.1015;MSM80;-15.3;-75.417;532;20.577;2.584;24.685;20;NA;297;NA;284;0;14.42196941;8.91792202;0;0;0;14.17935848;0;0;21.8453;4.2725;16.515;0;0;0;9.6544;4.7664;0;21.3009;5.1243;8.9153;37.5192
95_80;95;T6_1;Transect 6;80;80.50038;14.3521;34.9754;0.02835;26.0912;NA;-16;-74.166;119;17.977;2.637;23.241;15;NA;354;NA;340;76.1269455;38.31466293;15.46576118;0.534222305;0.534766257;1.906915426;0.075284049;11.89101028;0;16.6547;0;13.9018;1.9457;0;0;6.1509;1.6524;15.4061;0;0;70.0525;144.8495
95_100;95;T6_1;Transect 6;100;100.62832;14.1645;34.9765;0.02211;26.1369;NA;-16;-74.166;119;16.937;2.619;26.379;15;NA;355;NA;341;0.754942179;19.3562336;3.967871904;0;0;1.328309536;0;0;0;17.1235;0;12.3217;2.0001;0;0;7.8947;1.227;0;0;0;12.4937;25.4074
96_80;96;T6_5;Transect 6;80;80.50219;14.0903;34.9853;0.03635;26.1566;MSM80;-15.999;-76;3726;15.122;2.6;27.665;199;NA;360;NA;346;12.4794817;4.862980366;6.321401596;0;3.67074275;0;0;24.66367722;2.5741;4.2418;0;19.2878;0;0;0;6.7533;1.6132;24.5469;0;0;9.7946;51.9983
96_100;96;T6_5;Transect 6;100;100.62997;13.8098;34.97;0.02834;26.2051;MSM80;-15.999;-76;3726;17.382;2.561;28.268;199;NA;361;NA;347;10.0637455;2.436966658;4.670596123;0.688470602;2.220233917;0;0;18.016222;1.818;2.1851;1.1513;14.0556;0;0;0;4.9104;1.1623;17.7273;0;0;8.0146;38.0962
99_100;99;T6_4;Transect 6;100;100.61893;13.9843;34.9783;0.02998;26.1749;MSM80;-16;-75.251;4712;11.738;2.736;31.01;131;NA;367;NA;353;0.196118072;0.765658975;2.175151348;0.316248327;0;0.403100729;0;14.25238323;0;1.4651;1.2023;10.1871;0;0;0;5.0591;0.9606;21.0567;0;2.903;3.4715;18.1087
104_1_100;104_1;T6_2;Transect 6;100;100.62074;14.0405;34.9771;0.03236;26.1631;MSM80;-15.999;-74.333;620;18.102;2.589;25.215;33;NA;379;NA;365;0;11.65783691;1.094419599;0.087026998;0;0;0;1.481943488;0;16.3589;1.1456;7.025;0;0;0;5.6119;0.8066;10.4743;0;0;6.9888;14.3212
1_150;1;T1_6;Transect 1;150;150.93516;14.1236;34.9852;0.76894;26.1526;MSM80;-8.499;-80.999;6229;29.261;1.991;18.429;230;Oxycline mid;5;NA;5;2.594827414;0.010034028;0.12896131;0.006292255;0.005348796;0;1.90017879;1.523729086;0;0;0;0.4102;0;0;0;2.2055;0;0;1.0217;0;0;6.1694
22_150;22;T2_3;Transect 2;150;150.93634;14.936;35.027;0.29639;26.0113;MSM80;-9.499;-79.339;152;30.318;2.203;19.213;103;No oxygen;79;NA;75;0.395039678;0;3.112065792;1.574262738;1.104431391;0.095106781;0;7.108257771;1.5123;0;2.7847;2.9399;0;0;0;8.5071;0.825;8.7035;0;2.3422;0;13.3892
43_160;43;T3_3;Transect 3;160;160.9711;14.7389;35.0115;0.06327;26.041;MSM80;-12;-77.666;180;25.342;2.464;24.927;58;NA;147;NA;141;14.8679018;0;6.41435194;1.100336075;0;0.808043778;0;9.23925209;0;0;2.2005;17.5368;0.9698;0;0;7.3359;1.5766;13.6263;0;0;0;32.4299
60_150;60;T4_4;Transect 4;150;150.91544;13.2978;34.9322;0.02993;26.2829;MSM80;-14.499;-76.5;1420;25.56;2.558;24.114;57;NA;212;NA;201;0;0;0;0.16463621;0;0.575658262;0;2.425761938;0;0;0.5671;0.6951;0;0.4764;0;2.2234;0;7.1874;0;0;0;3.1661
80_150;80;T5_3;Transect 5;150;150.9263;14.0803;34.9781;0.01698;26.1575;MSM80;-15.299;-75.583;1168;21.701;2.586;24.163;36;NA;292;NA;279;11.08886814;2.160061121;0.053225685;0.040582791;0;2.158775091;1.868246436;7.278135777;0;2.3944;0;9.0818;0;0;0;4.1019;0;8.5878;2.252;38.234;12.4021;24.6479
82_150;82;T5_2;Transect 5;150;150.94609;14.0187;34.9703;0.02214;26.1649;MSM80;-15.3;-75.417;532;22.577;2.566;24.189;20;No oxygen;298;NA;285;12.78319073;0;5.594018459;0.8300547;0;0;6.232661247;1.348265886;0;0;1.6031;14.6235;0;0;0;5.0174;1.315;9.8301;6.4176;0;12.3349;26.7882
1_200;1;T1_6;Transect 1;200;201.25989;13.5872;34.9586;0.03008;26.245;MSM80;-8.499;-80.999;6229;32.604;2.39;22.833;230;OMZ;6;NA;6;1.114275336;0.001414377;0.032283988;0.001557034;0.000820946;0;1.1324507;0.676128745;0;0;0;0.4558;0;0;0;1.4386;0;0;0.7958;0;0;2.9589
4_200;4;T1_5;Transect 1;200;201.22971;13.4459;34.9522;0.01205;26.2699;MSM80;-8.516;-80.493;1328;31.582;2.383;23.538;175;NA;13;NA;13;0.450309157;0;0;0.405246407;0;0;0.520366013;1.982465506;0;0;0.9244;0.8318;0;0;0;2.1877;0;3.4374;0.7055;0;0;3.3584
7_250;7;T1_4;Transect 1;250;251.59848;13.2229;34.939;0.0182;26.3061;MSM80;-8.499;-80.031;356;28.582;2.476;25.868;120;OMZ mid;21;NA;20;0.930167794;0;2.430089712;0.560099781;0;1.219916701;0;3.203911781;0;0;1.3952;2.0568;0;0;0;3.2637;0.7773;8.175;0;2.7051;1.5663;8.3442
18_200;18;T2_5;Transect 2;200;201.25675;13.9063;34.9744;0.08796;26.1905;MSM80;-9.499;-80.003;2423;31.293;2.303;21.698;176;OMZ;65;NA;61;1.126115799;0;1.282571673;0.277451634;0;0;0;2.299659729;0;0;0.5558;1.2705;0;0;0;2.5622;0.3263;3.2368;0;0;0;4.9858
20_200;20;T2_4;Transect 2;200;NA;NA;NA;NA;NA;MSM80;-9.499;-79.668;891;30.057;2.407;23.703;140;NA;73;NA;69;0.826782584;0;2.21232152;0.341714054;0.375502825;0;0;3.611418247;0.4558;0;0.9641;2.4784;0;0;0;7.0149;0.8433;9.9149;0;0;0;7.3677
46_22_200;46_22;T3_5;Transect 3;200;201.23199;13.5154;34.9564;0.01658;26.2591;MSM80;-12;-78;1613;26.118;2.471;24.56;95;NA;161;NA;152;9.478307724;0;0;0.988241017;0;0.806142569;0;5.435406208;0;0;2.1551;9.9972;0;0;0;4.0346;0;11.008;0;1.5175;0;16.7081
